INSERT INTO AUTHORITY(AUTHORITY_ID, NAME) VALUES (1, 'COMPANY_CREATE');
INSERT INTO AUTHORITY(AUTHORITY_ID, NAME) VALUES (2, 'COMPANY_READ');
INSERT INTO AUTHORITY(AUTHORITY_ID, NAME) VALUES (3, 'COMPANY_UPDATE');
INSERT INTO AUTHORITY(AUTHORITY_ID, NAME) VALUES (4, 'COMPANY_DELETE');
INSERT INTO AUTHORITY(AUTHORITY_ID, NAME) VALUES (5, 'DEPARTMENT_CREATE');
INSERT INTO AUTHORITY(AUTHORITY_ID, NAME) VALUES (6, 'DEPARTMENT_READ');
INSERT INTO AUTHORITY(AUTHORITY_ID, NAME) VALUES (7, 'DEPARTMENT_UPDATE');
INSERT INTO AUTHORITY(AUTHORITY_ID, NAME) VALUES (8, 'DEPARTMENT_DELETE');
INSERT INTO AUTHORITY(AUTHORITY_ID, NAME) VALUES (9, 'ROLE_COMPANY_READER');

INSERT INTO oauth_client_details (client_id, resource_ids, client_secret, scope,
authorized_grant_types, web_server_redirect_uri, authorities, access_token_validity,
refresh_token_validity, additional_information, autoapprove) VALUES
('acme', 'resource', '$2a$10$s7rR9qxaUnOJaE3J6ZSICupQxm.xTJhvScmXV.ylsI3AIY5OMXp.q', 'read,write', 'authorization_code,refresh_token,implicit,password,client_credentials', '', '', 3600, 2592000, '{}', 'true');


INSERT INTO USERS(USER_ID, USER_NAME, PASSWORD, ACCOUNT_EXPIRED, ACCOUNT_LOCKED, CREDENTIALS_EXPIRED, ENABLED)
VALUES (1, 'admin', '$2a$08$qvrzQZ7jJ7oy2p/msL4M0.l83Cd0jNsX6AJUitbgRXGzge4j035ha', FALSE, FALSE, FALSE, TRUE);

INSERT INTO USERS(USER_ID, USER_NAME, PASSWORD, ACCOUNT_EXPIRED, ACCOUNT_LOCKED, CREDENTIALS_EXPIRED, ENABLED)
VALUES (2, 'reader', '$2a$08$dwYz8O.qtUXboGosJFsS4u19LHKW7aCQ0LXXuNlRfjjGKwj5NfKSe', FALSE, FALSE, FALSE, TRUE);

INSERT INTO USERS(USER_ID, USER_NAME, PASSWORD, ACCOUNT_EXPIRED, ACCOUNT_LOCKED, CREDENTIALS_EXPIRED, ENABLED)
VALUES (3, 'modifier', '$2a$08$kPjzxewXRGNRiIuL4FtQH.mhMn7ZAFBYKB3ROz.J24IX8vDAcThsG', FALSE, FALSE, FALSE, TRUE);

INSERT INTO USERS(USER_ID, USER_NAME, PASSWORD, ACCOUNT_EXPIRED, ACCOUNT_LOCKED, CREDENTIALS_EXPIRED, ENABLED)
VALUES (4, 'reader2', '$2a$08$vVXqh6S8TqfHMs1SlNTu/.J25iUCrpGBpyGExA.9yI.IlDRadR6Ea', FALSE, FALSE, FALSE, TRUE);

INSERT INTO USERS_AUTHORITIES(USER_ID, AUTHORITY_ID) VALUES (1, 1);
INSERT INTO USERS_AUTHORITIES(USER_ID, AUTHORITY_ID) VALUES (1, 2);
INSERT INTO USERS_AUTHORITIES(USER_ID, AUTHORITY_ID) VALUES (1, 3);
INSERT INTO USERS_AUTHORITIES(USER_ID, AUTHORITY_ID) VALUES (1, 4);
INSERT INTO USERS_AUTHORITIES(USER_ID, AUTHORITY_ID) VALUES (1, 5);
INSERT INTO USERS_AUTHORITIES(USER_ID, AUTHORITY_ID) VALUES (1, 6);
INSERT INTO USERS_AUTHORITIES(USER_ID, AUTHORITY_ID) VALUES (1, 7);
INSERT INTO USERS_AUTHORITIES(USER_ID, AUTHORITY_ID) VALUES (1, 8);
INSERT INTO USERS_AUTHORITIES(USER_ID, AUTHORITY_ID) VALUES (1, 9);
INSERT INTO USERS_AUTHORITIES(USER_ID, AUTHORITY_ID) VALUES (2, 2);
INSERT INTO USERS_AUTHORITIES(USER_ID, AUTHORITY_ID) VALUES (2, 6);
INSERT INTO USERS_AUTHORITIES(USER_ID, AUTHORITY_ID) VALUES (3, 3);
INSERT INTO USERS_AUTHORITIES(USER_ID, AUTHORITY_ID) VALUES (3, 7);
INSERT INTO USERS_AUTHORITIES(USER_ID, AUTHORITY_ID) VALUES (4, 9);

-- CATEGORY
INSERT INTO CATEGORY (CATEGORY_ID, MAIN_CATEGORY, SUB_CATEGORY, DESCRIPTION) VALUES (1, 'Продукты', '', 'Обычные продукты');
INSERT INTO CATEGORY (CATEGORY_ID, MAIN_CATEGORY, SUB_CATEGORY, DESCRIPTION) VALUES (2, 'Химия', '', 'Обычная химия');
